{"model":{"version":2,"nodes":[{"name":"RootNode","position":[0,0,0],"rotation":[0,0,0],"scale":[1,1,1]},{"name":"Cube_002","position":[0,0,0],"rotation":[-90,0,0],"scale":[0.01,0.01,0.01]}],"parents":[-1,0],"skins":[],"vertices":[{"position":{"type":"float32","components":3,"data":[-3.60743,3.60511,3.53397,-3.60743,3.60511,-3.61423,-3.60743,-3.59489,3.53397,-3.60743,-3.59489,-3.61423,3.59257,3.60511,3.53397,3.59257,3.60511,-3.61423,-3.60743,3.60511,3.53397,-3.60743,3.60511,-3.61423,3.59257,-3.59489,3.53397,3.59257,-3.59489,-3.61423,3.59257,3.60511,3.53397,3.59257,3.60511,-3.61423,-3.60743,-3.59489,3.53397,-3.60743,-3.59489,-3.61423,3.59257,-3.59489,3.53397,3.59257,-3.59489,-3.61423,3.59257,-3.59489,-3.61423,-3.60743,-3.59489,-3.61423,3.59257,3.60511,-3.61423,-3.60743,3.60511,-3.61423,-3.60743,3.60511,3.53397,3.59257,-3.59489,3.53397,3.59257,3.60511,3.53397,-3.60743,-3.59489,3.53397,3.08247,3.07451,-3.73712,3.08247,-3.0777,-2.89251,3.08247,3.07451,-2.89251,3.08247,-3.0777,-3.73712,3.92708,-3.0777,-3.73712,3.92708,3.07451,-2.89251,3.92708,-3.0777,-2.89251,3.92708,3.07451,-3.73712,3.08247,3.07451,-2.89251,3.08247,-3.0777,-2.89251,-3.91753,-3.08046,-2.89251,-3.91753,3.07492,-2.89251,-3.91753,3.07492,-3.73712,-3.91753,-3.08046,-3.73712,-3.07291,3.07492,-2.89251,-3.07291,-3.08046,-2.89251,-3.07291,-3.08046,-3.73712,-3.07291,3.07492,-3.73712,-3.07291,-3.08046,-2.89251,-3.07291,3.07492,-2.89251,-3.07389,-3.07258,-2.89251,3.08344,-3.07258,-2.89251,3.08344,-3.07258,-3.73712,-3.07389,-3.07258,-3.73712,3.08344,-3.9172,-2.89251,-3.07389,-3.91719,-2.89251,-3.07389,-3.91719,-3.73712,3.08344,-3.9172,-3.73712,3.08344,-3.07258,-2.89251,-3.07389,-3.07258,-2.89251,-3.07322,3.92742,-2.89251,3.08345,3.92742,-2.89251,3.08345,3.92742,-3.73712,-3.07322,3.92742,-3.73712,3.08345,3.0828,-2.89251,-3.07322,3.08281,-2.89251,-3.07322,3.08281,-3.73712,3.08345,3.0828,-3.73712,3.08345,3.0828,-2.89251,-3.07322,3.08281,-2.89251,3.08247,-3.0777,3.73287,3.08247,3.07462,3.73287,3.08247,3.07462,2.88825,3.08247,-3.0777,2.88825,3.92708,3.07462,3.73287,3.92708,-3.0777,3.73287,3.92708,-3.0777,2.88825,3.92708,3.07462,2.88825,3.08247,-3.0777,2.88825,3.08247,3.07462,2.88825,-3.91753,-3.08053,3.73287,-3.91753,3.0742,3.73287,-3.91753,3.0742,2.88825,-3.91753,-3.08053,2.88825,-3.07291,3.0742,3.73287,-3.07291,-3.08053,3.73287,-3.07291,-3.08053,2.88825,-3.07291,3.0742,2.88825,-3.07291,3.0742,2.88825,-3.07291,-3.08053,2.88825,-3.07389,-3.07258,3.73287,3.08344,-3.07258,3.73287,3.08344,-3.07258,2.88825,-3.07389,-3.07258,2.88825,3.08344,-3.9172,3.73287,-3.07389,-3.91719,3.73287,-3.07389,-3.91719,2.88825,3.08344,-3.9172,2.88825,3.08344,-3.07258,2.88825,-3.07389,-3.07258,2.88825,-3.07322,3.92742,3.73287,3.08179,3.92742,3.73287,3.08179,3.92742,2.88825,-3.07322,3.92742,2.88825,-3.07322,3.08281,2.88825,3.08179,3.0828,3.73287,-3.07322,3.08281,3.73287,3.08179,3.0828,2.88825,-3.07322,3.08281,2.88825,3.08179,3.0828,2.88825,3.08247,-3.9255,-3.73833,3.08247,-3.9255,3.74932,3.08247,-3.08088,3.74932,3.08247,-3.08089,-3.73833,3.92708,-3.9255,-3.73833,3.08247,-3.9255,-3.73833,3.08247,-3.08089,-3.73833,3.92708,-3.08089,-3.73833,3.92708,-3.08088,3.74932,3.92708,-3.9255,-3.73833,3.92708,-3.08089,-3.73833,3.92708,-3.9255,3.74932,3.08247,-3.9255,3.74932,3.92708,-3.08088,3.74932,3.08247,-3.08088,3.74932,3.92708,-3.9255,3.74932,3.08247,-3.08089,-3.73833,3.08247,-3.08088,3.74932,-3.91753,-3.9255,-3.73833,-3.91753,-3.9255,3.74932,-3.91753,-3.08088,3.74932,-3.91753,-3.08089,-3.73833,-3.07291,-3.9255,-3.73833,-3.91753,-3.9255,-3.73833,-3.91753,-3.08089,-3.73833,-3.07291,-3.08089,-3.73833,-3.07291,-3.08088,3.74932,-3.07291,-3.9255,-3.73833,-3.07291,-3.08089,-3.73833,-3.07291,-3.9255,3.74932,-3.91753,-3.08088,3.74932,-3.91753,-3.9255,3.74932,-3.07291,-3.08088,3.74932,-3.07291,-3.9255,3.74932,-3.07291,-3.08088,3.74932,-3.07291,-3.08089,-3.73833,3.08247,3.0745,-3.73833,3.08247,3.0745,3.74932,3.08247,3.91912,3.74932,3.08247,3.91911,-3.73833,3.92708,3.0745,-3.73833,3.08247,3.0745,-3.73833,3.08247,3.91911,-3.73833,3.92708,3.91911,-3.73833,3.92708,3.91912,3.74932,3.92708,3.0745,-3.73833,3.92708,3.91911,-3.73833,3.92708,3.0745,3.74932,3.08247,3.91912,3.74932,3.08247,3.0745,3.74932,3.92708,3.91912,3.74932,3.92708,3.0745,3.74932,3.08247,3.0745,3.74932,3.08247,3.0745,-3.73833,-3.91753,3.0745,-3.73833,-3.91753,3.0745,3.74932,-3.91753,3.91912,3.74932,-3.91753,3.91911,-3.73833,-3.07291,3.0745,-3.73833,-3.91753,3.0745,-3.73833,-3.91753,3.91911,-3.73833,-3.07291,3.91911,-3.73833,-3.07291,3.91912,3.74932,-3.07291,3.0745,-3.73833,-3.07291,3.91911,-3.73833,-3.07291,3.0745,3.74932,-3.91753,3.91912,3.74932,-3.91753,3.0745,3.74932,-3.07291,3.91912,3.74932,-3.07291,3.0745,3.74932,-3.07291,3.0745,-3.73833,-3.07291,3.0745,3.74932,-3.38041,-2.76977,3.6722,2.76659,3.37723,3.6722,2.76659,3.37723,2.82759,-3.38041,-2.76977,2.82759,-2.78317,-3.367,2.82759,3.36383,2.77999,3.6722,-2.78317,-3.367,3.6722,3.36383,2.77999,2.82759,-3.49898,2.97554,2.6418,2.91197,3.82015,-3.2294,2.91197,2.97554,-3.22939,-3.49898,3.82016,2.64179,3.4824,3.82015,-2.60652,-2.92854,3.82016,3.26467,-2.92854,2.97555,3.26467,3.4824,2.97554,-2.60652,3.48422,-3.84462,2.63937,-2.9308,-3.84461,-3.22737,-2.9308,-3,-3.22737,3.48422,-3.00001,2.63937,2.91422,-3.00001,3.26265,-3.5008,-3,-2.60409,-3.5008,-3.84461,-2.60409,2.91422,-3.84462,3.26265,-2.98599,3.50282,-2.59736,-3.83059,-2.9235,3.25701,-2.98598,-2.9235,3.25701,-3.8306,3.50282,-2.59736,-3.83059,-3.4923,2.63264,-2.98599,2.93402,-3.22173,-2.98598,-3.4923,2.63264,-3.8306,2.93402,-3.22173,3.81401,-2.91499,-3.2294,2.96941,3.49595,2.6418,3.81402,3.49595,2.64179,2.9694,-2.91499,-3.22939,2.96941,2.92552,3.26467,3.81401,-3.48543,-2.60652,3.81402,2.92552,3.26467,2.9694,-3.48543,-2.60652,2.76659,3.37723,-3.70759,-3.38041,-2.76977,-2.86298,2.76659,3.37723,-2.86298,-3.38041,-2.76977,-3.70759,-2.78317,-3.367,-3.70759,3.36383,2.77999,-2.86298,-2.78317,-3.367,-2.86298,3.36383,2.77999,-3.70759]},"normal":{"type":"float32","components":3,